{
    "mean": [
        2193.179351851852,
        33.32611111111111,
        102.91888888888889,
        3.1357689529230273,
        253.48220325644368,
        0.6417772229224538,
        0.8975885757496945,
        0.4348183620622531,
        0.17048840886439084,
        0.7008137556929984,
        0.7325229138680757,
        0.17048840886439084
    ],
    "std": [
        347.85212243554474,
        3.9332089983487224,
        12.297729942082606,
        0.5446235534893564,
        29.004741089463447,
        0.04204121572361152,
        0.0352932142067383,
        0.07140691270044461,
        0.06885956130961349,
        0.2357585386669064,
        0.05460738853499465,
        0.06885956130961349
    ],
    "min": [
        1080.0,
        22.0,
        66.0,
        1.6734693877551021,
        161.7401144504547,
        0.43777777777777777,
        0.701226012793177,
        0.2441478818566253,
        0.038099962207105056,
        0.16612903225806452,
        0.5338955924250041,
        0.038099962207105056
    ],
    "max": [
        3769.0,
        50.0,
        141.0,
        5.074074074074074,
        365.90663504600525,
        0.7747678018575851,
        0.9705049903172948,
        0.6648714480510388,
        0.6477160493827159,
        2.1672413793103447,
        0.900772373051785,
        0.6477160493827159
    ],
    "feature": [
        [
            0.1620243849325335,
            -0.0753017656091215,
            0.37438962978807955,
            0.2943143023057146,
            0.38470712526477646,
            -0.16681761319244828,
            -0.35336107728681837,
            -0.3823248822880898,
            0.2877624817746945,
            -0.22731202927528826,
            0.2777407676281962,
            0.2877624817746945
        ],
        [
            0.06405908218360334,
            -0.24756920852325767,
            0.26726223767797797,
            0.3459516436260338,
            0.22270215678698788,
            0.10137285722613235,
            -0.0691026067760954,
            -0.2595863297496048,
            -0.3904013634766057,
            0.3639548623110709,
            -0.4173388873328524,
            -0.3904013634766057
        ],
        [
            -0.6480366630849492,
            -0.5231597625684586,
            -0.2446163910908899,
            0.17901223673519398,
            -0.30311118332390313,
            -0.19789359162160725,
            -0.16554092611390495,
            -0.21795394837199009,
            0.0610843452864598,
            -0.027432832671858354,
            0.017568345360645003,
            0.0610843452864598
        ],
        [
            0.06558248118732218,
            -0.3731756137471475,
            0.07039924685068756,
            0.3043308819213085,
            -0.03616361692307905,
            0.6892375921156324,
            0.41491193549455796,
            0.09368426359737574,
            0.13418700193827862,
            -0.23982022673856127,
            0.08974739355752691,
            0.13418700193827862
        ],
        [
            -0.033214600365477055,
            0.012180602027989096,
            0.05911720273467025,
            0.029307501678823334,
            0.01976845761995083,
            -0.22941660453750598,
            0.20962292950807554,
            -0.08315955103110816,
            -0.42191312990281327,
            -0.7040339948271782,
            0.19705164765727354,
            -0.42191312990281327
        ],
        [
            0.015102812319630537,
            0.010048421040674245,
            -0.270865801574845,
            -0.19045573685990985,
            0.04899855695616994,
            0.5380158175463291,
            -0.6973398910014734,
            -0.018026339591125196,
            -0.1802640931838489,
            -0.15161595284202084,
            0.15356376322288623,
            -0.1802640931838491
        ],
        [
            0.10135063536361986,
            -0.0919467294668646,
            0.35087464432176435,
            0.35191709378974434,
            -0.36177283649022124,
            -0.1469681209239214,
            -0.3196658386576345,
            0.6613253667520381,
            -0.07418082279529134,
            0.039359812437013905,
            0.17246363106941842,
            -0.07418082279529102
        ],
        [
            0.04746926139200501,
            0.033893085706307544,
            0.026256361686035505,
            0.009231839933881304,
            -0.07301106488907018,
            -0.02411290931179746,
            -0.19425229714384407,
            0.11514374104932686,
            0.1643719244687259,
            -0.48696697927512417,
            -0.8048267655309407,
            0.1643719244687257
        ],
        [
            0.4005536343118338,
            -0.5851303119643846,
            0.24391426622498144,
            -0.5974438998812939,
            -0.23784122553003473,
            -0.09844188594386144,
            -0.019014458690106796,
            -0.11837765882645795,
            -0.003301295730074127,
            0.006263533539523729,
            0.0071287522669434295,
            -0.003301295730075704
        ],
        [
            -0.3962137937748042,
            -0.259147426040951,
            0.15928731780590483,
            -0.2995323630513783,
            0.6620700835517408,
            -0.029541308716212824,
            0.017206453889875305,
            0.46976267248157155,
            0.002009397139645967,
            -0.014733329782997743,
            -0.018907504922447537,
            0.0020093971396463826
        ],
        [
            -0.46271674177093836,
            0.31732602267757426,
            0.6618745433314995,
            -0.24761229773740248,
            -0.2744319315845992,
            0.2699028391783422,
            -0.0015984862753923798,
            -0.19396375101612007,
            0.0006229124592278929,
            -0.0024896704043077824,
            -0.003969518919868552,
            0.000622912459217617
        ],
        [
            4.1366640262817307e-16,
            -1.5314477686635723e-16,
            -7.058197354074413e-16,
            3.778326486916043e-16,
            2.3076592619003567e-16,
            -2.4045472992964636e-16,
            1.5351087267056087e-17,
            1.6605959339649568e-16,
            -0.7071067811865476,
            -2.5724619518509778e-17,
            -2.2082628566388743e-17,
            0.7071067811865475
        ]
    ]
}